Employee_ID,First_Name,Last_Name,Email,Hire_Date,Department,Salary,Performance_Score,Training_Hours
1,Stacey,Shaw,gkeller@example.org,2013-10-25,Finance,102806,4.8014511071186,19
2,Alicia,Williams,thomas98@example.com,2021-12-06,Sales,75200,3.115646151537756,20
3,Robert,Murray,colemandenise@example.com,2019-03-16,HR,80055,2.7904397992260774,39
4,Michelle,Mitchell,michael16@example.org,2022-07-09,HR,92891,3.4091860869489805,21
5,Beverly,Hoffman,alexshaw@example.net,2017-06-03,Sales,56304,2.973914844180637,34
6,Amber,Carpenter,elizabeth50@example.org,2021-10-11,Operations,105805,4.864371590656221,34
7,Donna,Gomez,todd89@example.org,2018-10-13,Sales,56706,4.212637653566417,15
8,Jodi,Duran,jeffery87@example.com,2020-06-18,Marketing,87197,3.3096191771762893,34
9,Jennifer,Crawford,emilyjimenez@example.org,2016-11-24,Sales,60383,2.5854459861692454,21
10,Michael,Wallace,callahanshannon@example.org,2017-12-11,Marketing,119196,3.7184653671351775,14
11,Christopher,Martinez,harrisontammy@example.com,2016-07-10,Finance,73829,2.721100890011185,28
12,Jacob,Luna,angela84@example.net,2013-12-29,Finance,61775,2.0666704268874123,31
13,Daniel,Patrick,steven08@example.com,2017-09-03,Sales,94715,2.7549685230423746,10
14,Donald,Medina,spearsdon@example.org,2020-04-14,Finance,46338,3.7758104790071814,40
15,Casey,Black,matthewbanks@example.com,2019-07-03,Marketing,76137,2.097996525481455,19
16,Thomas,Jefferson,valerie56@example.com,2020-10-01,Finance,81491,3.7177842632528644,11
17,Thomas,Miller,christina13@example.com,2015-12-27,Sales,44476,3.1056968030575565,29
18,Cody,Leonard,amandacoleman@example.net,2017-04-03,Finance,65462,3.395600871422458,34
19,Roberta,Sandoval,julieflores@example.com,2017-03-24,Marketing,111679,4.843794508142624,27
20,Joseph,Hughes,castanedasamantha@example.org,2020-01-12,IT,67459,2.4924562179501173,21
21,Jesse,Hart,dawsondaniel@example.org,2021-05-14,Sales,41263,3.0433839969533274,28
22,Kelly,Nguyen,luke77@example.org,2013-10-10,HR,118783,4.225050837909293,33
23,Melanie,Lee,marymunoz@example.org,2022-09-10,IT,117668,3.645961499334644,30
24,Amy,Pena,lawrencelindsay@example.net,2016-09-30,Sales,69778,3.959079203546742,21
25,Phillip,Davis,janethomas@example.com,2019-09-23,Finance,109487,4.566253434727649,38
26,Barbara,Martin,anthony24@example.com,2017-06-21,Marketing,90565,4.6504998921413065,15
27,Theresa,Robertson,petersondarlene@example.org,2017-05-05,IT,65678,4.251472374508863,24
28,Brandon,Rowe,jessica66@example.com,2018-02-10,Finance,79457,2.60431375355588,27
29,Jennifer,Crawford,robinsongregory@example.com,2021-11-20,HR,106153,2.256530618029357,12
30,Amanda,Stone,castrohannah@example.com,2020-05-09,Operations,119145,2.7546788197673875,10
31,John,Cox,xstewart@example.net,2021-08-02,Marketing,110585,4.646841031125822,26
32,James,Reid,stephaniebailey@example.com,2021-08-30,Sales,55411,3.216024086932692,14
33,April,Taylor,kelly55@example.com,2023-10-03,Marketing,52931,4.305155708930818,16
34,Lauren,Blake,wwilkinson@example.net,2018-05-26,Marketing,70068,3.1774688212708075,38
35,Ronald,Cunningham,shelleybrown@example.org,2016-10-05,IT,104028,2.733104027035508,15
36,Lucas,Moore,tracey31@example.net,2022-06-17,Marketing,47176,2.5802106353465515,19
37,Andrea,Kramer,edwardsjordan@example.org,2020-10-01,HR,85977,2.8076415504575163,28
38,Gabrielle,Spencer,michael88@example.com,2014-03-24,Finance,107820,2.519007564851633,28
39,Hannah,Allen,odonnellwilliam@example.net,2023-03-20,IT,58674,4.343908396083094,32
40,April,Burton,tammyconway@example.net,2019-04-21,Marketing,60459,3.1621399518549476,12
41,Charles,Spencer,mary45@example.com,2018-03-15,HR,99120,4.097950833645015,35
42,John,Aguilar,eacosta@example.com,2022-07-19,Finance,116890,3.759428255499859,20
43,Yolanda,Richardson,pjones@example.net,2016-03-01,Finance,108463,4.182000570041033,12
44,Monica,Gross,harrisryan@example.org,2021-02-06,Operations,95169,2.898375145454427,38
45,Isaac,Thornton,tranconnie@example.com,2015-01-30,Sales,83838,2.960884916924794,16
46,Jacob,Walters,xflores@example.org,2014-05-03,IT,56301,3.178190927225022,30
47,Lisa,Boyle,stevenhicks@example.org,2023-07-01,IT,85912,2.9789211528424966,19
48,Kristina,Sanders,susan19@example.net,2022-07-04,Sales,55400,3.9621964488522377,27
49,Nicholas,Gonzalez,danielnewton@example.net,2015-04-17,Operations,42962,4.22856292159108,17
50,Zachary,Alvarez,heather66@example.org,2016-04-26,HR,111148,3.8233140541536805,25
51,Ryan,Smith,vcohen@example.com,2018-09-07,Marketing,71235,4.223619330548284,12
52,Erica,Hamilton,plong@example.com,2019-04-04,Finance,85548,3.5865408838158324,40
53,Amy,Wallace,baxterjohn@example.org,2016-08-22,Operations,118180,2.9706168178734838,28
54,Steven,Thompson,bianca96@example.net,2022-04-19,Sales,74071,3.3447788177882773,10
55,Thomas,Best,jwalsh@example.org,2013-10-11,Finance,45300,2.965908390554497,22
56,Janice,Chan,johnmurillo@example.org,2017-09-04,Sales,65046,2.213404396600061,11
57,Jeffrey,Swanson,katiemitchell@example.net,2017-03-23,Sales,59812,4.862700129348568,38
58,Charles,Hopkins,castillojohn@example.org,2015-12-08,Sales,85426,3.5460534135119586,31
59,Angela,Walker,sonia06@example.com,2017-06-20,Finance,49735,2.3295680801282757,35
60,Jimmy,Glover,zcummings@example.net,2022-06-11,Sales,89391,3.497349783801067,28
61,Jeffrey,Clark,jamessavannah@example.com,2019-06-24,Marketing,47373,2.6807368196443875,38
62,Brian,Perry,wilsoncheryl@example.net,2019-07-26,Sales,60447,3.867966681630623,17
63,James,Davis,matthewsmichelle@example.com,2014-07-05,Sales,89519,2.2442814431647946,40
64,Jason,Craig,qhernandez@example.org,2023-04-07,Finance,65892,3.8455974828048225,25
65,Robert,Willis,hchase@example.org,2015-04-01,HR,104796,3.935584792518413,28
66,Megan,Black,williamskristina@example.org,2016-08-30,IT,110969,3.798040583778879,35
67,Kimberly,Valdez,jeremy58@example.org,2023-08-20,Sales,106272,2.3348225628904644,29
68,Adam,Guzman,gomezdaniel@example.org,2017-03-18,IT,51670,2.680028648215795,33
69,Brandon,Haynes,lisahart@example.com,2020-01-12,HR,117997,4.034194372606396,26
70,Nicholas,Howe,blackamber@example.com,2023-03-04,Operations,71524,2.702980663594996,23
71,Toni,Kirby,kristirobinson@example.com,2019-11-03,Finance,117277,4.507115220742801,25
72,Michelle,Molina,david99@example.com,2023-08-15,IT,115734,4.059321364547319,38
73,Nathan,Collins,bartonstacy@example.org,2016-02-02,IT,90962,4.478231906893789,27
74,Brandy,Washington,scott47@example.org,2023-09-06,Sales,63019,2.641581506577211,33
75,Edwin,Becker,rromero@example.org,2018-02-09,Operations,44313,2.131160861872041,14
76,Beth,Long,bmassey@example.com,2014-01-13,Operations,63538,3.492643318463591,11
77,Michael,Knox,hjenkins@example.org,2021-10-03,HR,52374,4.9601595304966395,23
78,Jennifer,Morgan,gary50@example.org,2022-06-27,Operations,91350,4.7907412888091105,40
79,Kevin,Lynch,crystalmurphy@example.com,2018-06-21,Marketing,98570,2.758643044047221,31
80,Robert,Glover,gonzalezwalter@example.com,2017-03-02,IT,68874,4.965663487580985,37
81,Tina,Williamson,robertrice@example.net,2014-09-26,Marketing,108588,2.8857394437458135,15
82,Jose,Randolph,nicholasmills@example.org,2018-04-24,HR,56695,2.0532003550925504,19
83,John,Wilson,zoe52@example.org,2018-04-22,HR,91610,2.8583936914855856,39
84,Ashley,Wright,morrissara@example.com,2015-04-12,HR,49510,4.055937663609662,16
85,Teresa,Huffman,huffmanjoshua@example.com,2018-04-25,HR,75365,2.4322239116739137,39
86,Antonio,Williams,jamespark@example.org,2022-07-09,Marketing,81737,4.463963297336115,12
87,Alexander,Brooks,jamescastillo@example.org,2017-10-15,HR,91873,3.92534114968052,28
88,Jeffrey,Jensen,rachellewis@example.com,2015-01-07,Finance,88576,2.4884581487563917,24
89,Christine,Decker,masonwilliam@example.net,2019-10-01,Sales,108032,2.4064352540074725,16
90,Bradley,Smith,hdalton@example.org,2014-02-11,IT,65709,2.371089834283083,18
91,Sonya,Ruiz,leahmoore@example.com,2020-09-09,Sales,90203,3.746790163671606,29
92,Rebecca,Moore,rfernandez@example.com,2020-08-13,IT,72602,2.6384538137797264,39
93,Brianna,White,markknox@example.org,2023-01-28,Sales,95501,3.9557460185226714,10
94,Crystal,Hall,uoneal@example.com,2017-11-06,Operations,92551,3.623810102495396,14
95,Lori,Morgan,fwilkerson@example.com,2022-05-13,HR,107963,2.8609490169711296,37
96,Michael,Morales,juliahancock@example.org,2020-02-14,IT,72878,4.968978316617755,14
97,Brian,Morgan,dnoble@example.net,2020-07-13,IT,99182,3.9129449094151796,11
98,Thomas,Salazar,ericduffy@example.net,2022-08-13,Finance,94094,3.037892534962109,29
99,Hector,Smith,susangarcia@example.com,2023-03-01,IT,69050,3.6485870307147077,25
100,Katrina,Jackson,longsarah@example.org,2022-04-25,Sales,103584,2.1570075436740055,27
101,Stephanie,Nixon,jwiggins@example.com,2022-02-05,HR,61670,3.744222102275048,12
102,Jessica,Patterson,annmartin@example.net,2018-04-12,HR,101258,3.7885403405308478,32
103,Erin,Davenport,alexandrasalazar@example.org,2013-11-20,Marketing,93197,2.884958881776151,14
104,Troy,Perez,catherine99@example.org,2014-06-10,Finance,75815,2.4069331592672745,25
105,Julie,Garner,jonesbruce@example.org,2017-08-29,Finance,98354,3.691251940705059,13
106,Kenneth,Little,rmay@example.net,2016-11-19,Marketing,100272,3.402705944082454,24
107,Caroline,Gonzales,kellysantiago@example.net,2021-11-11,Finance,80590,4.251345997865322,20
108,Ethan,Matthews,cathy83@example.com,2015-07-31,HR,61306,4.90264919879392,22
109,Alicia,Hunt,johnturner@example.com,2014-07-14,Operations,59954,3.065885336194731,25
110,Jeremiah,Miller,andrew68@example.com,2023-02-11,HR,115276,2.570991315294311,15
111,Seth,Davis,hermanmatthew@example.org,2021-04-27,Sales,90106,2.2012899215755546,13
112,Jackson,Robertson,xjohnson@example.org,2019-06-28,Finance,103640,2.418948096967471,32
113,Mary,Walker,ericyoung@example.org,2014-12-30,Sales,62491,4.038838480406925,32
114,Carla,Hoover,qbell@example.com,2019-12-02,Finance,74751,4.566677645896041,24
115,Walter,Miller,jacob84@example.com,2013-12-26,IT,90491,4.493959573317673,29
116,Suzanne,Castillo,scott74@example.org,2022-05-11,Operations,90106,3.7910002802060583,39
117,Stanley,Davis,tonyacox@example.org,2022-09-18,Sales,66474,2.874371292344912,22
118,Cameron,Navarro,maxwellheather@example.net,2021-05-07,IT,66318,2.0724626395427745,26
119,Jamie,Fry,brent83@example.com,2022-09-13,HR,84794,3.6899769059261214,12
120,Thomas,Williams,stephanieramos@example.com,2018-07-05,Finance,53637,3.8860841973142284,11
121,Michele,Smith,vparsons@example.net,2019-07-14,Operations,114810,3.559230104838814,32
122,Katherine,Smith,michael54@example.net,2021-04-06,IT,96800,3.8835627010029943,38
123,Erika,Morales,samanthajuarez@example.com,2019-07-20,IT,87846,4.818495279620103,25
124,Alexis,Holmes,shannonmoyer@example.com,2018-05-10,Operations,111415,2.5569051458057257,16
125,George,Carroll,gallagherjulie@example.com,2014-06-17,HR,40146,4.675564510146424,27
126,Krystal,Powers,whitakerkelly@example.com,2023-08-15,Sales,74884,2.472376108249233,32
127,Kent,Lynch,taylorpark@example.net,2019-09-15,Operations,62996,2.61671622969532,12
128,Heather,Smith,ortizjake@example.org,2017-10-14,Finance,48895,2.19473748481873,38
129,Danny,Williams,david63@example.com,2019-07-08,IT,76845,3.155695906778719,14
130,Emily,Ponce,kennethsingh@example.net,2016-05-17,Sales,102816,4.6220829903317036,33
131,Michelle,Stewart,terri82@example.org,2018-09-07,HR,83980,3.790679032216888,30
132,Megan,Nash,elizabethjohnson@example.net,2018-10-24,Sales,75230,2.3232608660413177,33
133,Dawn,Weber,owalker@example.com,2018-07-14,HR,83541,4.058989066795821,13
134,William,Burns,zmendez@example.net,2018-10-26,Finance,43793,2.8092897971970747,15
135,John,Lane,lanemegan@example.com,2019-05-12,Sales,72888,4.141227379905333,38
136,Kelly,Johnson,parrishkrystal@example.com,2021-09-16,HR,64523,3.271948075403835,19
137,Steven,Miller,tammy06@example.net,2021-09-19,Sales,40337,3.2671701260424957,15
138,Kristen,Bennett,wrightsandra@example.com,2020-05-28,Finance,108903,4.723303043380485,14
139,Kimberly,Allen,xrodgers@example.org,2023-02-20,Sales,42701,4.286595274956789,17
140,Jacob,Reed,qpoole@example.com,2016-01-02,Marketing,71130,2.6331487715657236,17
141,Colleen,Pearson,ucarney@example.net,2022-08-18,Operations,93243,2.162806052433005,28
142,William,Chan,crosbyalexander@example.net,2019-05-16,Marketing,96976,3.3529954745527375,21
143,Joseph,Kent,reginald28@example.org,2016-01-23,Sales,69807,4.2276877962181025,22
144,Sophia,Glover,jonesrobert@example.net,2014-05-11,IT,74890,3.5635385933759975,12
145,Jason,Walsh,lanedavid@example.com,2023-03-16,Sales,68362,2.9429669433693957,16
146,Bradley,Navarro,linda79@example.net,2014-06-28,Sales,117409,2.079062058548816,30
147,Nicole,Gomez,xharrison@example.net,2023-05-10,Finance,65968,3.494875160597534,17
148,Stephen,Hernandez,frankrobinson@example.org,2022-04-07,IT,70065,4.187282913174212,37
149,Christopher,Campbell,jason89@example.com,2015-04-16,Sales,105730,2.5837853030529025,25
150,Richard,Allen,kelseyjackson@example.net,2022-10-12,Operations,78757,3.2640348951178417,37
151,Bradley,Hawkins,ksmith@example.net,2020-09-13,IT,83618,3.4516650899962364,40
152,Carrie,Roth,michael01@example.org,2017-10-16,Finance,93548,2.985753435200257,34
153,Nicholas,Thompson,amygoodwin@example.org,2023-04-04,Finance,87402,2.150063090819161,18
154,Paige,Myers,gibsonandrea@example.net,2015-07-11,Finance,104547,4.492385006063898,29
155,Kelly,Kennedy,yangcraig@example.com,2015-10-28,Operations,54810,3.138001500311873,30
156,Jamie,Matthews,osbornerhonda@example.net,2015-08-14,IT,53396,3.1335152440575533,25
157,Sarah,Owens,hayesfrank@example.com,2017-10-16,Operations,90133,2.0536190193665482,39
158,Kathleen,Crawford,williamskayla@example.org,2016-09-17,Sales,76397,2.4930772062552533,13
159,Dustin,Duran,pmcbride@example.net,2019-02-28,Finance,95813,2.744283155969401,20
160,Debra,Brown,cheryldelgado@example.net,2016-12-16,Marketing,119789,2.7922085463433635,15
161,Michael,Stewart,zachary51@example.com,2021-12-25,Operations,96501,2.2724045968988666,37
162,James,Ramos,hansonadam@example.net,2022-12-10,HR,45850,3.8034076258913525,15
163,Joshua,Henderson,samantha88@example.org,2018-11-07,Marketing,65573,2.5232630444468733,39
164,Randy,Campbell,tiffanycallahan@example.net,2022-11-14,HR,88548,4.601781042622067,31
165,Todd,Johnson,michellewelch@example.org,2022-04-14,HR,97597,3.7037423436024004,20
166,Derek,Dean,awilcox@example.net,2017-05-30,IT,79571,4.917347238089419,20
167,Joseph,Williams,stephenstein@example.net,2018-04-23,Operations,50008,2.85091818541245,11
168,Jennifer,Potter,joseph63@example.net,2019-06-25,HR,54201,2.923625084390501,40
169,Dawn,Tran,dawnrivas@example.com,2021-08-15,IT,75730,2.3285091250363465,36
170,Kristin,Graham,dlamb@example.org,2022-09-19,IT,117107,2.1441846530939817,20
171,David,Cobb,johnwatts@example.com,2018-05-04,Marketing,66102,3.811184082981983,17
172,Marco,Mitchell,ooconnor@example.org,2022-12-19,Marketing,58201,4.716604203469088,30
173,Lauren,Foley,william62@example.org,2015-07-24,Operations,93589,3.349197251144437,23
174,Kathryn,Anderson,gstark@example.org,2015-03-11,Operations,49189,3.6216841708088974,36
175,Joshua,Williams,davischristopher@example.com,2022-07-22,Marketing,73912,2.3867366757558885,23
176,Sarah,Colon,haleloretta@example.org,2015-01-24,Finance,52657,2.191016121478254,38
177,Isaiah,Smith,george40@example.net,2022-10-09,HR,43336,4.125846955828181,30
178,Timothy,Smith,tbrown@example.org,2020-01-20,Sales,63777,4.07436220277926,25
179,David,Wilson,tracymyers@example.com,2018-03-22,HR,75551,3.567123373645341,35
180,Richard,Kennedy,egilbert@example.com,2016-08-02,HR,107706,2.182813762473039,17
181,Candace,Morgan,brenda76@example.org,2021-11-25,Finance,100180,2.544337059434718,13
182,David,Green,johnlawson@example.com,2015-11-25,Sales,76220,2.685329771296307,30
183,Steven,Walker,elliottkeith@example.org,2019-03-30,HR,108508,3.467149213125345,30
184,William,Thompson,rebeccalynch@example.org,2017-06-21,HR,100189,2.3074965620168837,33
185,Daniel,Kelley,csmith@example.com,2015-09-27,Sales,41048,2.2095888600807037,38
186,Christopher,Hahn,angela06@example.com,2017-12-04,Marketing,70140,3.4803033373154735,20
187,Kimberly,Silva,maryhanson@example.org,2021-08-05,Finance,62294,3.8318387184048857,36
188,Laura,Ruiz,wheelerthomas@example.org,2019-09-03,Finance,106073,4.84484204947076,21
189,William,Lyons,david25@example.org,2016-01-01,Finance,49309,3.380389368011243,26
190,Charlotte,Jones,youngrandy@example.net,2021-01-25,HR,45335,2.5909027799111053,40
191,Alexander,Garcia,harrischarles@example.net,2022-08-24,Marketing,113519,2.4350975196990885,26
192,Chelsea,King,dannyroberts@example.net,2019-05-02,HR,115186,3.082698349148636,29
193,Maria,Smith,jonesbrenda@example.org,2022-12-02,Marketing,42250,4.2222584773283085,34
194,Brian,Huynh,susanmartinez@example.org,2020-02-20,Operations,72894,3.791888396642478,16
195,Deborah,Logan,john86@example.org,2020-08-21,IT,77265,2.3653915667195835,18
196,Jason,Anderson,osuarez@example.net,2023-06-01,Marketing,71883,4.517035092378473,14
197,Kathryn,Diaz,millsmatthew@example.com,2019-10-25,Operations,95123,4.0139957411957115,21
198,Michael,Orozco,fcalderon@example.org,2016-02-26,Finance,72175,3.1598253591340466,26
199,Robert,Robinson,martha05@example.com,2013-12-07,Sales,83992,4.3362637838640845,40
200,Michael,Garcia,michellejohns@example.net,2021-11-27,IT,57389,3.4425359913966576,12
201,Gary,Copeland,melissacastillo@example.org,2022-02-20,Operations,108841,3.1721944529795536,11
202,Gloria,Lindsey,sarahcuevas@example.org,2017-03-28,Finance,68564,4.786500675208805,32
203,Matthew,Campbell,griffinjoshua@example.org,2020-10-23,HR,69708,2.9392870694740307,29
204,Erika,Schroeder,ashley26@example.net,2016-02-08,Finance,64293,3.9130830342061738,40
205,Cheryl,Holloway,arnoldnicole@example.net,2023-06-14,Marketing,46542,4.5607454182969125,15
206,Courtney,Hall,nicholeyoung@example.net,2016-03-09,HR,49575,4.216174280570672,25
207,Amy,Harrison,coxlori@example.com,2020-09-01,Sales,98181,4.854040822879175,34
208,Keith,Herman,russellcruz@example.com,2019-06-08,Finance,87099,3.55613863693877,37
209,Cole,Terry,xwhite@example.com,2014-04-29,HR,101970,2.670918779067135,14
210,Jessica,Bean,lopezwendy@example.org,2019-01-12,Finance,52664,4.334993443071353,31
211,Timothy,Baird,amybrown@example.net,2014-04-11,Finance,114639,3.911176128301114,19
212,Michael,Caldwell,robynharris@example.com,2023-07-03,IT,83864,2.9858597865387444,26
213,John,Walton,jeffrey05@example.com,2018-06-22,IT,46350,3.424604357616217,34
214,Tanya,Vasquez,pjohnson@example.net,2023-02-13,Finance,94638,4.5630596593336845,18
215,Rodney,Acosta,annagarner@example.org,2020-12-15,Finance,63895,3.6990485857787037,38
216,Amber,Booker,lance61@example.net,2020-05-24,HR,95475,2.0446389589915244,24
217,Emily,Shelton,jennifer97@example.com,2019-10-23,IT,118836,2.7834633493799057,11
218,Michele,Howell,austinpalmer@example.org,2020-03-18,Operations,87396,2.2387630706047155,36
219,Lori,Liu,benjamingarcia@example.org,2023-01-30,Finance,47592,4.338962328234281,11
220,Bobby,Davis,sarah09@example.org,2022-02-05,HR,96840,2.3050206956076034,28
221,Nicole,James,keith06@example.org,2016-08-10,IT,43280,2.948428350062075,34
222,Maria,Frank,ambermason@example.net,2013-10-26,Finance,67732,2.474222523464939,40
223,Joshua,Torres,michael29@example.net,2023-03-23,HR,67938,3.2189089700220035,12
224,Krista,Pacheco,waltermanning@example.net,2016-04-18,Finance,70718,3.6244233398754524,16
225,James,Watson,zking@example.org,2017-12-02,Operations,88483,2.750618239728257,20
226,Erin,Martin,tranjordan@example.net,2020-01-18,Marketing,67340,2.8351020801988502,11
227,Corey,Calhoun,ariana74@example.com,2022-01-04,Finance,81880,3.568985864623446,33
228,Eric,Ellis,madison45@example.org,2021-04-18,IT,41078,2.208597874466274,37
229,Tony,Hardy,travis49@example.net,2021-07-18,IT,51266,4.653687982425327,21
230,Jonathan,Anderson,michelle39@example.com,2021-08-06,Marketing,99352,3.62768245908174,22
231,Linda,Taylor,ynguyen@example.com,2019-07-07,Operations,80105,4.155289251897068,37
232,Robert,Carpenter,tcarter@example.org,2016-05-22,IT,48603,3.837569842753531,28
233,Jennifer,Jensen,lcastro@example.com,2016-08-15,Finance,113071,3.5154844796499285,13
234,Danielle,Smith,michaelescobar@example.net,2018-06-23,IT,101115,3.349995772752769,10
235,Bruce,Murphy,rjackson@example.org,2018-01-09,IT,71190,4.028443008891683,38
236,April,Cook,jennafields@example.org,2022-03-20,HR,42098,2.9706313345077655,23
237,Zachary,Woods,gregory51@example.org,2014-12-09,Finance,112066,4.957709201640354,23
238,Ryan,Roman,ericawatson@example.com,2013-12-27,Finance,65270,3.8715379561347616,17
239,Cody,Horton,joneskaitlyn@example.net,2014-07-04,Marketing,77077,2.2970290367875386,32
240,Dylan,Cook,joseph15@example.com,2023-01-27,IT,54412,3.650589246729803,17
241,Debbie,Hart,robertslisa@example.com,2020-06-20,Finance,103243,4.963736509181694,18
242,Nicholas,Hutchinson,kathleen08@example.org,2016-11-03,Sales,77743,4.699586743715562,38
243,Jamie,Weiss,heathmichelle@example.org,2018-07-25,HR,119807,4.489193672931007,37
244,Patrick,Fisher,katherine79@example.org,2017-12-26,Finance,105280,2.789898224560668,13
245,Joshua,Williams,froststephanie@example.net,2017-07-16,Marketing,78393,2.1135549218971676,20
246,Mark,Cardenas,davidjones@example.org,2014-04-19,HR,59585,2.1476953237185077,21
247,Kaylee,Jordan,kimberly41@example.org,2018-06-27,Sales,62555,2.660261631002405,15
248,Jack,Serrano,fulleranthony@example.org,2019-05-30,Finance,53174,4.3557313095220875,38
249,Lisa,Clark,woodsclaudia@example.com,2016-05-25,Operations,80399,4.975629243433341,38
250,Stacy,Weeks,lisataylor@example.net,2015-05-15,Finance,75013,3.32998978241806,35
251,Jennifer,Thompson,tharrison@example.net,2018-05-20,Finance,92904,3.941109834908119,39
252,Kristine,Schmidt,nicole28@example.org,2023-01-17,Finance,44183,3.85833919869758,29
253,Samuel,Martinez,sarahmyers@example.net,2015-03-04,IT,92781,2.4033838991199636,32
254,Jim,Washington,calderontravis@example.com,2023-06-26,Marketing,73594,2.2021064034964133,31
255,Jennifer,Matthews,anthonynelson@example.net,2017-12-07,HR,87773,2.3521845377558632,36
256,Edward,Stone,taylor34@example.org,2019-02-07,HR,41587,2.2290593463026678,37
257,Jessica,Davis,ashleydavis@example.org,2023-07-05,HR,111318,4.785678035084816,33
258,Melissa,Gutierrez,hayley50@example.net,2016-07-04,Sales,98686,4.563062001997283,19
259,Rodney,Martin,teresacoleman@example.org,2016-07-07,Marketing,102365,2.8757887973015364,11
260,Michelle,Smith,slopez@example.org,2018-07-14,Operations,61690,3.9965411480573714,30
261,Amanda,Adkins,lisa61@example.net,2021-03-22,Operations,85551,4.083539130044769,13
262,Christopher,Lynch,amanda97@example.com,2015-05-26,IT,83229,3.5358093667074306,12
263,Tammy,Miller,nnash@example.com,2014-05-14,Sales,67346,2.5103857578068327,36
264,Amanda,Chang,wilkinsonlisa@example.net,2019-03-03,Marketing,58525,2.2788260125959976,16
265,Michael,Cobb,rcochran@example.org,2014-01-14,Finance,119574,4.271012411910062,16
266,Thomas,Mills,qmccarthy@example.org,2017-12-22,Marketing,78841,2.1710684301733507,27
267,Matthew,Decker,malonerobert@example.net,2019-03-08,Sales,108331,3.2974433801068312,10
268,Isabella,Hughes,vcollins@example.org,2023-02-09,Finance,92190,3.597782271336839,14
269,Timothy,Mason,amyfreeman@example.com,2016-12-21,HR,116494,4.128423655851961,34
270,Sandra,Brandt,lisamonroe@example.net,2018-04-01,Sales,58135,4.920029501117128,35
271,Matthew,Wilkerson,morganhicks@example.org,2016-07-08,Marketing,68803,2.1605202891352446,14
272,Jonathan,Martinez,mjones@example.com,2021-08-31,IT,119984,2.9189370026806736,13
273,Jason,Herring,ywoods@example.net,2022-01-05,HR,103768,4.443142593339616,24
274,William,Harrison,rfleming@example.com,2019-12-01,IT,58628,4.686242756088591,24
275,Joseph,Ingram,leslieibarra@example.org,2018-06-15,IT,60447,4.397171952202544,18
276,Michelle,Carlson,oscott@example.net,2023-01-15,Operations,53872,4.71312148475599,28
277,Erik,Dougherty,gentrysteven@example.net,2015-03-31,Sales,100386,2.338302986744537,19
278,Amanda,Franklin,mrios@example.org,2023-07-08,HR,42744,2.9317457140920573,27
279,Zachary,Oliver,thomas83@example.net,2020-11-08,HR,52992,2.51920575108647,16
280,Jeffrey,Alexander,dana14@example.org,2018-12-14,HR,86770,2.031788395474959,27
281,Brian,Williams,veronicadavis@example.org,2021-05-03,HR,88283,2.08785684992645,37
282,Christina,Williams,jacobsonbrad@example.org,2017-01-23,Operations,40642,2.6845000504775203,25
283,David,Solomon,poolestephanie@example.net,2017-06-14,Operations,118062,3.2387422163128554,14
284,Felicia,Todd,elizabethwilson@example.net,2019-12-25,IT,106975,4.3315734534515205,36
285,Natasha,Martin,uvincent@example.net,2020-08-02,HR,50848,4.414161767950036,27
286,Nathan,Mcguire,harperjoan@example.com,2017-10-12,Marketing,86263,2.8801310265743236,38
287,Angela,Ramirez,velasquezrobert@example.org,2016-09-21,Sales,89512,4.925494024260156,13
288,Ashlee,Castro,julie70@example.com,2020-03-30,Sales,57549,3.0152534794980776,11
289,April,Watson,mercedessmith@example.org,2018-02-24,Operations,48784,2.68979434459507,22
290,Jessica,Jones,melissawood@example.com,2019-02-19,IT,41291,2.7609371236861717,40
291,Tina,Gonzalez,lijustin@example.net,2022-08-11,IT,43626,3.1599166589675294,24
292,Colleen,Johnson,fordmandy@example.net,2017-04-19,Marketing,84844,2.2837490024356715,28
293,Erica,Parker,jkramer@example.org,2018-04-26,Sales,99224,2.4590899700355635,26
294,Paul,Hood,butlerryan@example.org,2022-07-27,Sales,65613,2.7098981742025314,19
295,Patty,Hinton,yuhoward@example.org,2019-11-06,Finance,97103,3.1293718041166785,13
296,Anita,Collins,boylenatasha@example.net,2015-05-10,Finance,82127,4.807540854459014,25
297,Noah,Jones,bwilkins@example.com,2018-09-08,Marketing,106937,3.145367162176773,33
298,Gina,Savage,georgesmith@example.net,2015-06-19,Marketing,99615,2.400505091598574,38
299,Frank,Espinoza,lindsaygaines@example.com,2020-10-25,Sales,65850,2.5588739384928836,26
300,Dawn,Boyle,jesse11@example.org,2019-11-26,Operations,109688,4.968650596645364,31
301,Michelle,Pearson,john98@example.net,2016-04-09,Operations,102752,2.7890693133881506,38
302,Sharon,Bell,melissaandrews@example.net,2018-02-21,Finance,93509,2.8592487598381804,20
303,Nicole,Hoffman,vsteele@example.org,2014-12-15,IT,71796,3.971578622341764,13
304,Austin,Hardy,aarongonzalez@example.net,2018-01-13,IT,56986,3.7270973945657113,25
305,Daniel,Greene,jwilliamson@example.com,2018-09-18,Marketing,101898,3.357658159049026,13
306,Richard,Strong,melissa65@example.net,2016-03-22,Marketing,61056,4.501414606414308,30
307,Amy,Cook,joekane@example.com,2022-05-19,Marketing,75800,4.003785197986453,23
308,Michael,Richardson,awoodward@example.org,2020-05-13,Finance,68213,2.1706042215567014,38
309,Robin,Dougherty,kimberly94@example.net,2014-03-26,Marketing,92661,3.582999991292347,32
310,Susan,Smith,kristenbrown@example.net,2021-08-15,Marketing,104008,3.5737773442004706,15
311,Angel,Johnston,castroscott@example.net,2015-03-29,HR,49088,2.4215648166352497,27
312,Shannon,Cook,robert12@example.org,2014-06-27,HR,67761,3.2699145287441693,14
313,Stefanie,Morse,ariasangela@example.org,2022-10-19,HR,42106,3.8485674091587514,17
314,Jonathan,Smith,zclark@example.org,2019-05-28,Marketing,97733,3.844991291386826,21
315,John,Parker,robert39@example.net,2015-11-27,HR,68023,3.1185172824996257,28
316,Heather,Collins,cindy66@example.com,2017-03-08,Operations,107308,2.442335964484152,19
317,Dustin,Johnston,lorimatthews@example.org,2017-07-19,Finance,77212,4.3399322352315295,10
318,Alison,Burch,utrujillo@example.com,2018-03-09,Operations,89961,4.106023333870149,31
319,Rachel,Farmer,alexandria71@example.com,2023-08-24,IT,96915,2.0278218123219816,13
320,Lisa,Mckenzie,michellealexander@example.com,2023-06-01,Finance,63730,3.033783621098707,20
321,Alex,Henderson,bcooper@example.com,2021-07-01,Sales,61024,2.9921359297053174,34
322,Judy,Dorsey,cwalker@example.com,2013-12-26,Marketing,57077,3.289567293866065,21
323,Jamie,Ross,rachelwilson@example.org,2022-09-27,HR,59186,4.340807880169255,16
324,Shelly,Walker,hugheserica@example.org,2016-05-18,HR,106532,4.600383332329199,37
325,Virginia,Mcdonald,christopher16@example.net,2016-02-02,HR,102464,3.234101795788093,17
326,Randall,Patterson,deanna56@example.net,2023-02-15,IT,98470,3.4205611897420574,12
327,Jason,Moore,angelashaw@example.com,2017-01-11,IT,77298,3.0124186038952563,39
328,Patrick,Miles,michelestewart@example.org,2021-08-30,Sales,82316,2.8842891579829133,32
329,Kerry,Lin,vgates@example.net,2020-06-12,Finance,101208,2.4189316511574246,37
330,Megan,Lowe,jameskent@example.net,2018-12-10,Sales,103631,4.697121352434799,31
331,Chad,Nunez,nancybrown@example.net,2016-04-27,Sales,65081,4.909648529681181,30
332,Charlotte,Stewart,fwallace@example.net,2016-01-17,Sales,79849,2.309725168772136,12
333,Scott,Logan,kennethellis@example.net,2021-06-24,Operations,50789,3.5312259581964947,37
334,Maria,Weeks,danielshannon@example.org,2016-06-25,Operations,114710,3.755912683466835,11
335,Erica,Mason,usmith@example.com,2019-06-18,HR,92463,3.512537311834068,36
336,Samantha,Morales,lawsoncaitlin@example.org,2019-04-30,Finance,93292,4.352276975861157,29
337,Mark,Barnett,jennifer70@example.com,2013-10-27,IT,44859,3.120715982159153,20
338,Juan,Gomez,isimmons@example.com,2019-02-13,HR,86083,3.4225551189117844,25
339,Robert,Stone,mcgeeryan@example.com,2015-10-08,Finance,40575,4.694427491864868,37
340,Kenneth,Sellers,spowers@example.net,2014-10-09,Finance,41646,2.738871915354961,12
341,Patricia,Smith,kathleencabrera@example.net,2022-02-22,Marketing,62313,3.2215239060910434,39
342,Ryan,Schaefer,erikabrooks@example.com,2014-10-22,Finance,53790,2.5587650026630318,34
343,Randall,Carter,maryschultz@example.com,2021-04-01,Sales,88183,4.904255338273311,40
344,Michael,Larson,huntmelissa@example.net,2017-08-01,Sales,52387,4.829760186697541,14
345,Whitney,Baldwin,adrianholland@example.org,2016-05-05,Finance,47276,4.328400762647642,34
346,Holly,Boyd,contrerasanthony@example.com,2019-08-26,Marketing,49280,4.849910486135494,40
347,Michael,Elliott,monicajackson@example.net,2021-10-21,Operations,54317,3.653290834016345,12
348,Joe,Price,tdaniels@example.net,2020-05-27,HR,50456,4.426053814068643,30
349,Mark,Reynolds,leebrooke@example.net,2018-11-26,Operations,68668,3.1444127357717635,26
350,Sabrina,Castillo,prestonmichael@example.org,2022-05-08,Finance,95994,2.169053380209943,33
351,Amber,Evans,cristina28@example.org,2019-12-21,Operations,92561,3.6493186745101833,11
352,Karen,Anthony,erin72@example.net,2023-01-27,Marketing,84998,4.377181626831785,20
353,Max,Macias,jamie74@example.org,2013-10-12,Sales,69459,3.74461247000194,34
354,Douglas,Price,jessicamiller@example.com,2020-04-29,Operations,82008,4.906098060181954,32
355,Haley,Berry,richardcarson@example.com,2013-11-22,Operations,47886,3.7135405871893274,20
356,Jacqueline,Winters,xmatthews@example.org,2016-01-25,Sales,67105,4.10952898409708,18
357,Maureen,Ruiz,thompsonjoseph@example.com,2019-03-23,Finance,71337,2.5427478129987855,15
358,Michael,Castillo,johnsonjeffery@example.com,2019-10-06,HR,79685,4.966735505841115,26
359,Autumn,Powell,zcampbell@example.com,2016-07-19,Sales,47120,2.73721040329474,10
360,Amanda,Haas,ambervaughn@example.com,2018-03-03,HR,49253,3.100001204794652,27
361,Amanda,Baker,qperez@example.com,2022-12-03,Finance,99866,2.0419467240332194,35
362,Andre,Johnson,lonnie35@example.org,2022-07-03,Operations,59068,4.286096305089202,30
363,Jeffery,Lopez,beanscott@example.net,2020-08-17,Marketing,47779,2.9520604547693967,24
364,Danielle,Mclaughlin,michaelarias@example.com,2014-04-18,Sales,45147,2.957826911974226,25
365,Jennifer,Cobb,awatson@example.com,2016-01-02,IT,84692,4.405135028508766,35
366,Taylor,Russo,ewhite@example.org,2018-01-12,IT,71376,2.511893699636666,26
367,Yesenia,Tucker,kellycollins@example.net,2019-11-22,Finance,106557,3.5179107185538863,10
368,Christina,Scott,adamsdavid@example.org,2014-10-04,Operations,51777,3.2378022835092355,13
369,Mary,Weiss,johnsonnicole@example.com,2020-08-18,IT,80654,3.702692740570347,10
370,Julie,White,daniel57@example.org,2017-09-06,Sales,67603,2.7073446681689264,36
371,Manuel,Smith,millerjean@example.org,2019-03-04,Sales,118103,2.6503084343241783,37
372,Joel,Lutz,kwallace@example.com,2018-05-16,Operations,42376,3.8117794276254546,23
373,Michael,Rose,jordan09@example.com,2015-10-04,HR,109740,2.62071662339792,22
374,Terri,Randolph,asmith@example.net,2016-07-09,Finance,57630,4.5700793363763355,29
375,Karen,Buck,archerangela@example.net,2017-11-27,Operations,104747,4.839892169572778,28
376,Barbara,Kelly,dale34@example.net,2015-06-21,Sales,42218,3.424499034830734,25
377,Scott,Bond,toddcosta@example.net,2023-03-19,Operations,90164,4.219935232941886,22
378,Shane,Walker,brianmoore@example.org,2018-07-06,Operations,76159,3.4867772291973465,35
379,Rachel,Jones,mirandatanya@example.org,2017-08-26,IT,54932,4.392398038469569,11
380,Christopher,Grimes,williamthompson@example.com,2020-11-19,Marketing,59364,3.8351694744947338,11
381,Susan,Montes,robertclark@example.org,2015-07-31,IT,117098,4.616539085397691,19
382,Debbie,Hull,maryzavala@example.com,2017-02-27,Operations,62875,2.7586968270773236,12
383,William,Sanchez,bassmarcus@example.net,2022-08-22,HR,83986,4.369256742508227,20
384,Richard,Jackson,melissalopez@example.org,2014-04-07,HR,80407,2.8940918022370594,24
385,Craig,Wilkins,hwest@example.com,2022-04-17,IT,87335,3.0461518692825433,23
386,Craig,Brown,dcompton@example.com,2022-06-11,HR,113731,4.27749315018176,34
387,Matthew,Guerrero,cheryl25@example.com,2020-08-07,Marketing,104934,4.501438701972448,31
388,Vanessa,Wilson,gallegossamuel@example.com,2014-11-28,Marketing,107255,4.176093947917966,40
389,Leslie,Pham,elee@example.net,2017-01-13,Sales,65617,3.092629988467046,29
390,Dustin,Mccormick,jesus84@example.org,2022-11-18,IT,57580,3.488582127684724,29
391,Michael,Smith,lindsay23@example.org,2021-06-30,Finance,43045,4.464843716918944,32
392,Sara,Mitchell,shari74@example.net,2017-12-24,IT,48517,3.3176902801601025,39
393,Mary,Haney,aburns@example.net,2020-08-14,HR,65064,3.1853631124496378,38
394,Katie,Walker,patricia63@example.net,2023-03-08,Operations,103907,3.7584506302249565,26
395,Rebecca,Wilson,mosesluis@example.com,2016-04-11,Sales,76731,4.390988837392613,39
396,Donna,Mercado,conradmatthew@example.org,2021-05-08,Sales,57872,3.989051644230963,39
397,Sarah,Townsend,mterry@example.org,2015-12-20,Marketing,47230,4.837941656981429,26
398,Kelsey,Combs,deborah64@example.com,2018-03-05,Operations,78484,2.3695855054506536,29
399,Christina,Vasquez,adam11@example.net,2022-03-19,Operations,113719,3.5860521043674614,26
400,Vanessa,Burke,vstrickland@example.com,2017-02-20,Finance,92169,2.938507410586211,15
401,John,Williams,whuber@example.com,2023-02-14,Sales,57004,4.575446122700473,36
402,Ronald,Harris,ljohnson@example.org,2017-04-04,Sales,50038,4.3627806536957685,23
403,Julie,King,david78@example.org,2020-02-12,IT,89933,2.3211566118808236,28
404,Angela,Green,rhonda16@example.org,2023-02-08,IT,90828,3.44673823602002,31
405,James,Wood,figueroabrian@example.com,2017-08-29,HR,105322,4.811900007544194,18
406,Ryan,Harrington,melissapratt@example.com,2020-05-02,IT,96976,2.376770457227222,29
407,Jessica,Martin,ashley21@example.net,2021-11-30,Operations,81384,4.960116888513634,26
408,Stephanie,Garcia,rdennis@example.net,2018-11-08,HR,69441,2.3736268036392465,26
409,Kayla,Bartlett,jay67@example.org,2018-11-04,HR,96987,3.9192625363747533,27
410,Mark,Miranda,turnernicholas@example.org,2019-05-05,HR,48744,3.307068880618158,27
411,Amanda,Robbins,cmarquez@example.com,2021-03-05,Marketing,111002,2.97180834659957,27
412,Kurt,Durham,leslie84@example.net,2022-08-02,Sales,69379,3.8898156724238193,15
413,Michael,Singleton,zgaines@example.com,2016-03-30,Operations,117066,4.0066226411152135,21
414,David,Howard,dean31@example.org,2020-11-03,Sales,51294,2.550935695813694,39
415,Stacy,Harris,crystal70@example.net,2023-08-30,IT,51811,2.6218929781198717,15
416,Kevin,Wallace,jacksonallison@example.com,2020-05-09,IT,96923,4.876190158218689,21
417,Cole,Sanchez,kfigueroa@example.net,2021-09-11,Marketing,110436,3.0294602324529123,24
418,James,Green,imacdonald@example.com,2016-06-23,Finance,47026,2.57675745102175,16
419,Lisa,Shepherd,bjuarez@example.com,2014-08-27,Sales,115965,4.177759906179283,35
420,Richard,Lewis,mcfarlandronald@example.com,2021-07-24,IT,104774,3.5095112544524665,30
421,Joseph,Mitchell,yatesstephanie@example.net,2018-01-17,Marketing,65627,4.105930321914477,15
422,Ann,Sanford,petersisaac@example.net,2015-08-03,Finance,59378,4.0861863551528685,39
423,Regina,Bryant,cory60@example.com,2023-05-24,Sales,78658,3.162446468385866,22
424,Tiffany,Boyle,xmorris@example.org,2013-11-15,HR,89536,3.0053774354712446,32
425,Bonnie,Cooper,shaun08@example.org,2020-01-05,Finance,59111,3.261863078821621,30
426,Kelly,Pham,deleonmarisa@example.net,2014-01-04,HR,61082,3.4868227767799524,17
427,Christian,Ritter,hernandezdanny@example.net,2022-12-05,HR,116386,2.1664764824718157,18
428,Christopher,Allison,carolyn83@example.org,2014-10-26,Marketing,118713,4.593966003456284,11
429,Tom,Watson,shenderson@example.com,2014-12-20,Marketing,93136,2.7491198117013615,40
430,Gregory,Drake,lsnyder@example.net,2016-01-06,Sales,49978,3.4307350315454217,31
431,Michelle,Thornton,thomasdaniels@example.com,2018-07-13,Operations,98595,2.404053451784297,14
432,Debbie,Meyer,carrolltina@example.net,2016-10-23,IT,67568,2.58180196842679,16
433,Gregory,Fowler,butlergabriel@example.net,2016-07-06,Finance,77259,4.064388327627954,25
434,Robin,Powell,pbarron@example.com,2016-11-02,Sales,67791,3.691839804819498,12
435,Blake,Jenkins,mitchelldarlene@example.com,2016-04-28,Sales,94865,4.777548770310398,23
436,Jennifer,Mitchell,ivancarroll@example.net,2019-10-25,Marketing,90173,3.5842874717585693,23
437,Donald,Stewart,matthewsshane@example.org,2021-08-24,IT,95919,2.688121745548436,36
438,Jason,Davis,stephanielambert@example.net,2021-09-24,Sales,45917,3.388745226805936,16
439,Carol,Glover,deleonjessica@example.com,2016-02-19,Finance,57844,2.2646552345196294,17
440,Rhonda,West,fwillis@example.com,2016-12-05,IT,55083,4.546546682473288,15
441,Lisa,Torres,elizabethbarnett@example.org,2021-08-26,IT,61457,3.715101422681043,20
442,Cynthia,Hawkins,randy61@example.com,2023-03-05,Finance,86353,4.335977104964346,16
443,April,Rivers,diamondmichael@example.org,2016-10-27,Operations,41268,4.210093044709733,28
444,Shawn,Fernandez,ericjackson@example.com,2014-09-21,IT,101233,3.7785621645880823,34
445,Randall,Hunt,travis64@example.com,2021-11-17,Finance,60192,4.611224463185433,38
446,Cathy,Salas,omunoz@example.net,2018-10-25,Sales,79512,3.608314186121495,28
447,Mark,Reed,angelacastro@example.com,2021-01-12,Marketing,105399,3.6284572405028066,14
448,John,Stewart,xgibbs@example.com,2019-06-10,Operations,108069,2.1014848524454077,32
449,Scott,Turner,pottercolleen@example.com,2023-03-13,Finance,80680,3.1369573881265223,36
450,Brendan,Gould,tony67@example.com,2022-05-22,HR,76738,3.531062737985865,37
451,Ashley,Hunter,samantharyan@example.org,2018-03-16,Marketing,114128,2.014246884840321,39
452,Chad,Obrien,michaelfuller@example.org,2020-05-31,IT,101019,4.709679813088327,21
453,Beth,Coleman,elizabeth05@example.com,2015-10-01,IT,47786,3.811148485004182,33
454,Kristin,Williams,anthony79@example.org,2014-05-26,Sales,50134,2.625299531072546,32
455,Philip,Turner,hjohnson@example.org,2021-12-20,Operations,61292,3.580652970999767,17
456,Zachary,Barnes,basskimberly@example.org,2023-06-26,Sales,83986,4.273942559957566,39
457,Jasmine,Thompson,bergtracy@example.com,2021-04-29,Operations,50457,2.978458538381185,38
458,James,Black,cheryl03@example.com,2016-12-21,Marketing,50796,3.652592263791851,34
459,Gary,Hull,ocarlson@example.org,2021-04-27,Operations,80414,4.749027163786712,12
460,Jeffery,Summers,brownrachel@example.net,2023-06-24,HR,82400,4.923635951298872,20
461,Geoffrey,Berry,andersonroger@example.com,2020-06-28,HR,57979,4.470866517826398,39
462,John,Green,ojones@example.com,2019-05-20,Sales,79164,4.146357746461638,13
463,Isaiah,Armstrong,erin36@example.org,2020-09-15,Marketing,65366,4.1896038249754515,16
464,Christy,Brown,eric86@example.com,2014-11-23,Marketing,111173,3.618157380631679,29
465,Phillip,Lowe,jason74@example.net,2021-06-19,Operations,48478,4.660866208112935,37
466,James,Rodriguez,maddoxcarmen@example.com,2018-09-29,Sales,43808,4.765790839083639,33
467,Richard,Holland,jenniferhernandez@example.org,2013-11-29,Sales,64564,4.102915855024911,21
468,Mark,Gordon,dustinbrown@example.com,2018-11-07,Finance,95204,2.0911921465652945,31
469,Paul,Gonzalez,ppacheco@example.org,2020-07-05,HR,53462,4.255830988524675,32
470,Nancy,Bruce,kerry53@example.org,2021-06-25,HR,89919,4.473386070305249,11
471,Katie,Garcia,hshah@example.net,2017-02-18,Finance,54037,2.1341358614897326,28
472,David,Johnson,shane61@example.net,2021-08-29,IT,42675,4.755751921588071,32
473,Michael,Miller,uschneider@example.org,2017-07-16,IT,41166,4.562592372772063,33
474,David,Ingram,perkinskaren@example.org,2020-02-16,Marketing,80837,4.397744082385408,18
475,Shelby,York,pmason@example.net,2015-07-12,IT,48655,4.698280283902235,31
476,Nicole,Clark,amanda19@example.org,2022-04-01,IT,110396,2.327206993459798,25
477,Brandon,Hansen,sydney86@example.org,2022-08-28,Operations,85465,4.697871147533297,40
478,Samantha,Hurst,rodriguezsarah@example.com,2017-05-08,HR,75843,2.919739269495502,13
479,Brian,Evans,lesteranthony@example.com,2015-12-22,HR,109402,4.265384832476467,20
480,Brandon,Hernandez,allenrobert@example.org,2020-03-01,IT,61354,3.2921355630774696,29
481,Daniel,Miller,ryancole@example.org,2014-09-26,Marketing,88719,4.323736385900316,27
482,Mark,Bright,galvanthomas@example.org,2020-07-17,Sales,113750,3.2595576952520857,40
483,Heather,Jordan,smithgregory@example.com,2014-10-02,Sales,114527,2.9309473078647836,11
484,Ryan,Hansen,joel95@example.com,2023-08-05,Sales,48715,2.627400706486753,12
485,Anthony,Rollins,xbird@example.net,2019-02-22,Operations,47198,4.094688657653495,12
486,Anthony,Smith,kaylalewis@example.net,2014-04-04,Marketing,113279,2.3597253185451583,24
487,Nicholas,Green,meredithspencer@example.net,2020-02-14,HR,67750,3.381826985525653,10
488,Robert,Ortiz,stewartwilliam@example.org,2017-11-22,Marketing,117416,4.704108624263595,23
489,Sharon,Odonnell,racheljohnson@example.org,2020-09-19,HR,90211,4.076106930171687,40
490,Juan,Rose,lisadaniel@example.net,2019-10-17,Finance,77825,2.4872049642294716,21
491,Mark,Moody,howardpatricia@example.net,2016-05-28,Operations,76726,4.556029843441528,11
492,David,Franklin,terrencedavis@example.net,2016-01-04,HR,118109,4.329173109882182,38
493,Danielle,Johnson,bethdavis@example.net,2022-09-14,IT,53703,4.326097496082129,38
494,Anita,Smith,jimenezadrian@example.com,2018-08-07,Marketing,92547,3.737093260021969,10
495,Allison,Johnson,mjackson@example.net,2016-09-08,Operations,76720,4.756548334454942,40
496,Mary,Patel,zgonzalez@example.net,2015-10-11,Marketing,62101,2.197400977713625,25
497,Kenneth,Mcgee,taylorpeters@example.com,2015-06-16,Marketing,72176,2.4297736041728593,23
498,Leon,Yates,fsimpson@example.com,2019-12-22,Finance,66983,3.875853231639557,10
499,Roger,Wiggins,ryangordon@example.com,2019-05-30,HR,63266,3.597109460554603,34
500,Tammy,Jackson,murphyseth@example.com,2022-02-04,Operations,79836,2.2588174501340395,11
